{
  "model_type": "SingleTaskGPTorch",
  "config": {
    "X": [
      [0.6964691855978616],
      [0.2861393349503794],
      [0.2268514535642031],
      [0.5513147690828912],
      [0.7194689697855631],
      [0.4231064601244609],
      [0.9807641983846156],
      [0.6848297385848633],
      [0.4809319014843609],
      [0.3921175181941505]
    ],
    "y": [
      [-0.8173739564129022],
      [0.8876561174050408],
      [0.921552660721474],
      [-0.3263338765412979],
      [-0.8325176123242133],
      [0.4006686354731812],
      [-0.1649662650236807],
      [-0.9607643657025954],
      [0.3401149876855609],
      [0.8457949914442409]
    ],
    "decompose_inputs": false,
    "input_retained_dimensions": null,
    "input_explained_variance": 0.9999,
    "warp_inputs": false,
    "train_device": "cpu",
    "inference_device": "cpu",
    "precision": "double",
    "random_state": null,
    "full_batch_limit": 10000,
    "state_dict": {
      "likelihood.noise_covar.raw_noise": [0.020165873496116107],
      "likelihood.noise_covar.noise_prior._transformed_loc": -4.0,
      "likelihood.noise_covar.noise_prior._transformed_scale": 1.0,
      "likelihood.noise_covar.raw_noise_constraint.lower_bound": 0.00009999999747378752,
      "likelihood.noise_covar.raw_noise_constraint.upper_bound": "inf",
      "mean_module.raw_constant": 0.09053042630488373,
      "covar_module.raw_lengthscale": [[0.28893341166617775]],
      "covar_module.lengthscale_prior._transformed_loc": 1.4142135381698608,
      "covar_module.lengthscale_prior._transformed_scale": 1.7320507764816284,
      "covar_module.raw_lengthscale_constraint.lower_bound": 0.02500000037252903,
      "covar_module.raw_lengthscale_constraint.upper_bound": "inf",
      "outcome_transform.means": [[0.029383131672480856]],
      "outcome_transform.stdvs": [[0.7481906564998719]],
      "outcome_transform._stdvs_sq": [[0.5597892584737093]],
      "outcome_transform._is_trained": true,
      "input_transform._coefficient": [[0.7539127448204125]],
      "input_transform._offset": [[0.2268514535642031]]
    },
    "y_stdev": null,
    "covariance_function": null,
    "mean_function": null
  },
  "metadata": {
    "inputs": ["x"],
    "outputs": ["y"],
    "version": "3.4.0",
    "datetime": "2025-05-19 13:49:47.986331"
  }
}
